状态ID,状态名称,原分类,一级分类,二级分类,三级分类,描述,触发条件,效果类别,作用对象,影响维度,促进动作,促进技能,限制动作,限制技能,机制说明,持续时间,可叠加
S001,愉悦,情绪类,情绪,正向,喜,心情轻快，看什么都顺眼,需求满足度高、社交成功、收到礼物,需求变化、行动控制,自己,需求/生理,否,否,行动降效,否,所有心理需求下降速度 -20%,2小时,是
S002,忧伤,情绪类,情绪,负向,哀,心中愁闷，提不起精神,需求崩溃、被训斥、关系破裂,需求变化、行动控制、社交修正,自己,需求/生理、社交,否,否,行动降效,否,社交需求恢复速度 -50%,3小时,是
S003,愤怒,情绪类,情绪,负向,怒,怒不可遏，随时可能爆发,被羞辱、争执失败、信任崩塌,社交修正、属性修正,自己,社交、属性,社交互动、争执/对抗,逻辑,否,否,争执类互动权重 +80%，逻辑属性 -2,1.5小时,是
S004,恐惧,情绪类,情绪,负向,恐,战战兢兢，如履薄冰,被严厉训斥、目睹冲突、禁足中,行动控制、社交修正,自己,社交、行动,否,否,行动降效、主动社交,否,所有活动效率 -30%，不敢主动社交,2小时,是
S005,惊诧,情绪类,情绪,波动,惊,一时愕然，不知所措,目睹逾矩行为、突发奇事,行动控制,自己,行动,否,否,行动禁止/中断,否,当前行动中断，短暂僵直,10分钟,是
S006,羞赧,情绪类,情绪,其他情绪,未细分,脸红耳热，不好意思,传情被回应、被当众称赞,社交修正,自己,社交,否,否,否,否,社交效果 +15% 但易接受更多传情,1小时,是
S007,平静,情绪类,情绪,正向,安,心如止水，波澜不惊,长时间独处、禅修成功,其他,自己,其他,否,否,否,否,情绪波动幅度 -50%,3小时,是
S008,焦虑,情绪类,情绪,其他情绪,未细分,心神不宁，坐立不安,重要任务未完成、面临考核,需求变化、行动控制,自己,需求/生理,通用行动,否,否,否,专注需求衰减速度 +30%,2小时,是
S009,嫉妒,情绪类,情绪,负向,妒,见人得意，心中酸涩,目睹他人受宠、获得比自己更好的待遇,社交修正,自己,社交,否,否,否,否,对嫉妒对象的社交权重 -40%,2小时,是
S010,释然,情绪类,情绪,正向,安,放下执念，轻松自在,长期困扰的问题得到解决,需求变化、行动控制,自己,需求/生理,否,否,行动降效,否,所有需求下降速度 -15%,1小时,是
S011,得意,情绪类,情绪,正向,自我评价,春风得意，喜形于色,成功完成重要任务、获得夸奖,社交修正,自己,社交,否,否,否,否,社交效果 +20%，但易引起嫉妒,1.5小时,是
S012,失望,情绪类,情绪,其他情绪,未细分,期望落空，心中怅然,重要期望未达成、被爽约,需求变化、行动控制,自己,需求/生理,否,否,行动降效,否,娱乐需求恢复速度 -40%,2小时,是
S013,怀念,情绪类,情绪,其他情绪,未细分,睹物思人，心中感伤,看到旧物、进入有记忆的场景,需求变化、社交修正,自己,需求/生理、社交,否,否,否,否,社交需求 +20点，但社交效果 -10%,1小时,是
S014,愧疚,情绪类,情绪,其他情绪,未细分,良心不安，想要弥补,伤害他人、违背承诺,其他,自己,其他,否,否,否,否,对愧疚对象的服从 +15,3小时,是
S015,羡慕,情绪类,情绪,其他情绪,未细分,心向往之，但无恶意,看到他人拥有自己渴望的事物,关系变化,自己,关系,否,否,否,否,对羡慕对象的好感 +10,1小时,是
S016,孤独,情绪类,情绪,其他情绪,未细分,形单影只，心中寂寥,长时间无人陪伴、被孤立,需求变化、行动控制、社交修正,自己,需求/生理、社交,通用行动,否,否,否,社交需求衰减速度 +40%,2小时,是
S017,自豪,情绪类,情绪,其他情绪,未细分,成就加身，意气风发,完成高难度任务、获得荣誉,属性修正,自己,属性,否,否,否,否,所有属性临时 +1,2小时,是
S018,迷茫,情绪类,情绪,其他情绪,未细分,前路不明，不知何去何从,重大抉择、失去人生目标,行动控制,他人,行动,否,否,行动降效,否,行动效率 -25%，容易接受他人建议,3小时,是
S019,烦躁,情绪类,情绪,其他情绪,未细分,心绪不宁，容易发火,被琐事困扰、环境嘈杂,社交修正,自己,社交,否,否,否,否,争执触发概率 +30%,1小时,是
S020,感动,情绪类,情绪,其他情绪,未细分,热泪盈眶，心中温暖,收到意外关怀、见证感人场景,关系变化,自己,关系,否,否,否,否,对感动对象的好感 +15,1.5小时,是
S021,无聊,情绪类,情绪,其他情绪,未细分,无所事事，百无聊赖,长时间无事可做,需求变化、行动控制,自己,需求/生理,通用行动,否,否,否,娱乐需求衰减速度 +50%,1小时,是
S022,欣慰,情绪类,情绪,其他情绪,未细分,看到成果，心中满足,晚辈/下属取得进步,需求变化、社交修正,自己,需求/生理、社交,否,否,否,否,社交效果 +10%，舒适需求 +10点,1小时,是
S023,无奈,情绪类,情绪,其他情绪,未细分,无力改变，只能接受,面对无法改变的局面,行动控制,自己,行动,否,否,行动降效,否,所有行动效率 -15%,1小时,是
S024,兴奋,情绪类,情绪,其他情绪,未细分,情绪高涨，充满活力,期待已久的事情即将发生,需求变化、行动控制、社交修正,自己,需求/生理、社交,通用行动,否,否,否,精力消耗速度 +20%，社交效果 +25%,1小时,是
S025,忧郁,情绪类,情绪,其他情绪,未细分,淡淡的愁绪，挥之不去,阴雨天气、读伤感诗词,需求变化、行动控制,自己,需求/生理,通用行动,否,否,否,娱乐需求下降速度 +20%,2小时,是
S026,镇定,情绪类,情绪,其他情绪,未细分,临危不乱，从容应对,面对突发危机、高压力情境,属性修正,自己,属性,否,逻辑,否,否,逻辑属性 +2，协调属性 +1,1小时,是
S027,厌烦,情绪类,情绪,其他情绪,未细分,心生反感，不愿接触,重复性任务、不喜欢的人频繁出现,社交修正,自己,社交,否,否,否,否,对厌烦对象的社交权重 -50%,1小时,是
S028,憧憬,情绪类,情绪,其他情绪,未细分,向往美好，满怀期待,听到美好的未来规划,需求变化、行动控制,自己,需求/生理、行动,通用行动,否,否,否,娱乐需求 +15点，行动效率 +10%,1小时,是
S029,忐忑,情绪类,情绪,其他情绪,未细分,心中七上八下，不安稳,等待重要结果、面临未知,需求变化、行动控制,自己,需求/生理,通用行动,否,否,否,专注需求衰减速度 +25%,1小时,是
S030,麻木,情绪类,情绪,其他情绪,未细分,心如死灰，毫无波澜,长期遭受打击、情绪过度消耗,其他,自己,其他,否,否,否,否,所有情绪状态持续时间减半,4小时,是
S101,尴尬,社交状态,社交互动,互动受阻,失衡,气氛微妙，不知如何自处,综合分过低时强行传情、调笑失败,社交修正,双方,社交,否,否,否,否,社交权重 -30%，双方互动选项减少,30分钟,是
S102,热络,社交状态,社交互动,关系升温,顺畅,相谈甚欢，距离拉近,连续两次成功叙旧/论道,关系变化、行动控制,自己,关系,通用行动、社交互动,否,否,否,友谊增长速度 +50%,1小时,是
S103,冷场,社交状态,社交互动,互动受阻,失衡,话不投机，气氛凝固,调笑失败、争执后,关系变化,他人,关系,否,否,否,否,对方好感额外 -1/分钟,20分钟,是
S104,心动,社交状态,社交互动,亲密变化,萌发,心如鹿撞，意乱情迷,传情成功（尤其是逾矩成功）,其他,自己,其他,否,否,否,否,对特定对象的传情权重 +100%,2小时,是
S105,被拒,社交状态,社交互动,其他社交状态,未细分,一片真心付流水,传情被拒绝,行动控制,自己,行动,否,否,行动禁止/中断,否,短期内无法再次对同一人发起传情,1小时,是
S106,受宠若惊,社交状态,社交互动,其他社交状态,未细分,被主子/长辈特别对待,主子对仆从慰藉、赠礼,关系变化,自己,关系,否,否,否,否,服从 +10（临时），好感+5,2小时,是
S107,惺惺相惜,社交状态,社交互动,其他社交状态,未细分,彼此欣赏，相见恨晚,论道/叙旧连续成功3次,关系变化、行动控制,双方,关系,通用行动、社交互动,否,否,否,双方信任 +20，友谊增长速度 +80%,3小时,是
S108,敬而远之,社交状态,社交互动,其他社交状态,未细分,保持距离，不敢亲近,身份差距过大、对方威严太盛,关系变化、社交修正,自己,关系、社交,否,否,否,否,社交权重 -40%，但好感不易下降,2小时,是
S109,言归于好,社交状态,社交互动,其他社交状态,未细分,冰释前嫌，重修旧好,争执后成功和解,关系变化、行动控制,自己,关系,通用行动,否,否,否,信任恢复速度 +100%,2小时,是
S110,心有灵犀,社交状态,社交互动,其他社交状态,未细分,默契十足，不需多言,连续选择对方期望的互动选项,社交修正,自己,社交,否,否,否,否,社交效果 +30%，互动成功率 +20%,1小时,是
S111,敷衍应付,社交状态,社交互动,其他社交状态,未细分,表面客气，实则无心,被强迫社交、心情不佳时社交,社交修正,他人,社交,否,否,否,否,社交效果 -40%，对方易察觉,1小时,是
S112,一见如故,社交状态,社交互动,其他社交状态,未细分,初次见面便觉投缘,首次社交综合分 >80,关系变化,自己,关系,否,否,否,否,好感初始值 +15，信任初始值 +10,永久,是
S113,针锋相对,社交状态,社交互动,其他社交状态,未细分,各不相让，言语交锋,争执中双方立场坚定,社交修正、风险后果,自己,社交、后果/风险,否,否,否,否,争执伤害 +30%，但失败惩罚加倍,1小时,是
S114,虚与委蛇,社交状态,社交互动,其他社交状态,未细分,表面应承，实则敷衍,对不喜之人不得不社交,社交修正,自己,社交,否,否,否,否,社交效果 -50%，但不易引发争执,1小时,是
S115,推心置腹,社交状态,社交互动,其他社交状态,未细分,坦诚相待，倾诉心声,高信任度时成功倾诉,关系变化,自己,关系,否,否,否,否,信任 +25，友谊 +20,永久,是
S116,貌合神离,社交状态,社交互动,其他社交状态,未细分,表面和谐，实则疏远,关系恶化但仍维持表面,关系变化、社交修正,自己,关系、社交,否,否,否,否,社交效果 -30%，信任缓慢下降,2小时,是
S117,相敬如宾,社交状态,社交互动,其他社交状态,未细分,互相尊重，保持礼节,主仆/夫妻间长期和谐,社交修正,自己,社交,否,否,否,否,争执触发概率 -50%,永久,是
S118,若即若离,社交状态,社交互动,其他社交状态,未细分,关系暧昧，忽近忽远,传情后未明确关系,其他,自己,其他,否,否,否,否,传情成功率波动 ±30%,2小时,是
S119,唇枪舌剑,社交状态,社交互动,其他社交状态,未细分,言语激烈，互不相让,争执进入白热化,社交修正、属性修正,自己,社交、属性,否,逻辑,否,否,逻辑属性 +2，但社交效果 -40%,1小时,是
S120,互诉衷肠,社交状态,社交互动,其他社交状态,未细分,互相倾诉，感情加深,双方同时倾诉成功,关系变化,自己,关系,否,否,否,否,亲密 +20，信任 +25,永久,是
S121,阿谀奉承,社交状态,社交互动,其他社交状态,未细分,刻意讨好，言过其实,对上级/主子过度赞美,关系变化,他人,关系,否,否,否,否,对方好感 +5，但周围人反感,1小时,是
S122,冷嘲热讽,社交状态,社交互动,其他社交状态,未细分,言语刻薄，暗含讥讽,对厌恶之人隐晦攻击,关系变化,他人,关系,否,否,否,否,对方好感 -10，但不易直接冲突,1小时,是
S123,交浅言深,社交状态,社交互动,其他社交状态,未细分,关系不深却谈及私密,低信任度时倾诉私事,关系变化,他人,关系,否,否,否,否,对方信任 +15，但可能觉得冒犯,1小时,是
S124,情投意合,社交状态,社交互动,其他社交状态,未细分,心意相通，彼此爱慕,双向传情成功,关系变化、行动控制,自己,关系,通用行动,否,否,否,亲密增长速度 +100%,3小时,是
S125,渐行渐远,社交状态,社交互动,其他社交状态,未细分,关系逐渐疏离,长期不互动、多次争执,关系变化、行动控制,自己,关系,通用行动,否,否,否,友谊衰减速度 +40%,永久,是
S126,反目成仇,社交状态,社交互动,其他社交状态,未细分,由友变敌，势不两立,严重背叛、原则冲突,关系变化、行动控制,自己,关系、行动,否,否,行动禁止/中断,否,好感锁定 ≤ -50，无法和解,永久,是
S127,重修旧好,社交状态,社交互动,其他社交状态,未细分,破裂关系重新修复,成功完成和解任务,关系变化,自己,关系,否,否,否,否,信任恢复至0，好感 +10,永久,是
S128,一见钟情,社交状态,社交互动,其他社交状态,未细分,初次见面便生爱慕,首次传情综合分 >90,其他,自己,其他,否,否,否,否,对特定对象传情权重 +150%,4小时,是
S129,日久生情,社交状态,社交互动,其他社交状态,未细分,长期相处产生感情,连续30天每天互动,关系变化,自己,关系,否,否,否,否,好感 +25，信任 +20,永久,是
S130,藕断丝连,社交状态,社交互动,其他社交状态,未细分,关系已断，情丝未绝,分手/决裂后仍有互动,其他,自己,其他,否,否,否,否,传情成功率 +20%，但易引发矛盾,2小时,是
S201,自降身份,逾矩与身份礼法状态,身份礼法,失礼逾矩,失衡,屈尊俯就，惹人闲话,主子对仆人做出过度亲密/殷勤行为,关系变化,他人,关系,否,否,否,否,仆人服从 -10，周围人信任 -5/次,2小时,是
S202,冒犯,逾矩与身份礼法状态,身份礼法,失礼逾矩,越界,不知天高地厚,仆从对主子争执失败、差遣主子,关系变化,他人,关系,否,否,否,否,主子信任 -15，仆人可能被罚,1小时,是
S203,暗生情愫,逾矩与身份礼法状态,身份礼法,关系越界,暧昧,逾越身份的暧昧,逾矩传情成功（主仆之间）,关系变化、风险后果,双方,关系、后果/风险,否,否,否,否,双方亲密大幅增加，但下次同场景有人时风险翻倍,3小时,是
S204,宠溺,逾矩与身份礼法状态,身份礼法,其他礼法状态,未细分,毫无底线地纵容,长辈接受晚辈逾矩撒娇成功,关系变化,自己,关系,否,否,否,否,晚辈好感+10，信任-5（长辈觉得不庄重）,2小时,是
S205,不孝,逾矩与身份礼法状态,身份礼法,其他礼法状态,未细分,忤逆尊长,晚辈顶撞长辈失败,其他,自己,其他,否,否,否,否,家声 -5，获"禁足"任务,6小时,是
S206,受责,逾矩与身份礼法状态,身份礼法,其他礼法状态,未细分,被训斥或惩罚,逾矩失败、任务未完成受罚,行动控制,自己,行动,否,否,行动降效,否,行动效率 -20%，服从 +10（对施罚者）,4小时,是
S207,姑息,逾矩与身份礼法状态,身份礼法,其他礼法状态,未细分,放任逾矩而不追究,主子对仆人逾矩行为不做反应（高好感）,其他,他人,其他,否,否,否,否,仆人下次逾矩成功率 +20%,12小时,是
S208,僭越,逾矩与身份礼法状态,身份礼法,失礼逾矩,越位,逾越本分，越级行事,仆从擅自做主、替主子决定,关系变化,他人,关系,否,否,否,否,主子信任 -20，可能被重罚,3小时,是
S209,恃宠而骄,逾矩与身份礼法状态,身份礼法,其他礼法状态,未细分,仗着宠爱，行为放肆,受宠者频繁逾矩成功,其他,他人,其他,否,否,否,否,逾矩成功率 +15%，但易引起他人嫉妒,4小时,是
S210,礼崩乐坏,逾矩与身份礼法状态,身份礼法,其他礼法状态,未细分,纲常混乱，上下失序,场景中多人逾矩未被惩罚,其他,自己,其他,否,否,否,否,所有逾矩成功率 +25%,6小时,是
S211,纲常重整,逾矩与身份礼法状态,身份礼法,其他礼法状态,未细分,严厉整顿，恢复秩序,主子/长辈严厉惩罚逾矩者,其他,自己,其他,否,否,否,否,逾矩成功率 -30%，服从 +15,8小时,是
S212,私相授受,逾矩与身份礼法状态,身份礼法,其他礼法状态,未细分,私下往来，不合礼法,主仆私下传情/赠礼,关系变化、风险后果,自己,关系、后果/风险,否,否,否,否,亲密 +15，但被发现风险高,2小时,是
S213,目无尊长,逾矩与身份礼法状态,身份礼法,其他礼法状态,未细分,对长辈毫无敬意,多次顶撞长辈成功,关系变化,自己,关系,否,否,否,否,长辈好感 -25，可能被逐出家门,永久,是
S214,以下犯上,逾矩与身份礼法状态,身份礼法,其他礼法状态,未细分,下级冒犯上级,仆从对主子成功争执,关系变化,他人,关系,否,否,否,否,主子信任 -30，可能引发严重冲突,4小时,是
S215,尊卑有序,逾矩与身份礼法状态,身份礼法,其他礼法状态,未细分,严格遵守身份等级,长期无逾矩行为,社交修正,自己,社交,否,否,否,否,逾矩成功率 -20%，但社交稳定,永久,是
S216,越俎代庖,逾矩与身份礼法状态,身份礼法,其他礼法状态,未细分,代替他人行使权力,仆从替主子发号施令,关系变化,他人,关系,否,否,否,否,主子信任 -25，周围人服从 -10,3小时,是
S217,恃才傲物,逾矩与身份礼法状态,身份礼法,其他礼法状态,未细分,仗着才华，轻视礼法,高才华者频繁逾矩,其他,自己,其他,否,否,否,否,逾矩成功率 +10%，但易树敌,2小时,是
S218,谨守本分,逾矩与身份礼法状态,身份礼法,其他礼法状态,未细分,安分守己，不越雷池,长期无逾矩意图,其他,自己,其他,否,否,否,否,逾矩触发概率 -40%,永久,是
S219,同流合污,逾矩与身份礼法状态,身份礼法,其他礼法状态,未细分,共同逾矩，互相包庇,多人共同参与逾矩,风险后果,自己,后果/风险,否,否,否,否,逾矩成功率 +30%，但一旦暴露全部受罚,4小时,是
S220,揭发检举,逾矩与身份礼法状态,身份礼法,其他礼法状态,未细分,举报他人逾矩行为,成功举报逾矩者,关系变化,自己,关系,否,否,否,否,举报者信任 +15，被举报者重罚,永久,是
S221,包庇纵容,逾矩与身份礼法状态,身份礼法,其他礼法状态,未细分,知情不报，暗中掩护,发现逾矩不举报,关系变化、风险后果,自己,关系、后果/风险,否,否,否,否,被包庇者好感 +20，但一旦暴露双双受罚,2小时,是
S222,以儆效尤,逾矩与身份礼法状态,身份礼法,其他礼法状态,未细分,严惩一人，警示众人,公开严厉惩罚逾矩者,其他,环境,其他,否,否,否,否,场景内逾矩成功率 -50%,8小时,是
S223,法外开恩,逾矩与身份礼法状态,身份礼法,其他礼法状态,未细分,本应惩罚，却予宽恕,主子/长辈原谅逾矩者,其他,他人,其他,否,否,否,否,被宽恕者忠诚 +25，但可能被他人不满,永久,是
S224,严刑峻法,逾矩与身份礼法状态,身份礼法,其他礼法状态,未细分,刑罚严苛，毫不留情,主子/长辈过度惩罚,关系变化,自己,关系,否,否,否,否,服从 +30，但好感 -20，可能引发反抗,6小时,是
S225,宽严相济,逾矩与身份礼法状态,身份礼法,其他礼法状态,未细分,恩威并施，张弛有度,合理惩罚与适当宽恕,关系变化,自己,关系,否,否,否,否,服从 +15，好感 +10,永久,是
S226,上行下效,逾矩与身份礼法状态,身份礼法,其他礼法状态,未细分,上梁不正下梁歪,主子/长辈频繁逾矩,其他,自己,其他,否,否,否,否,下属/晚辈逾矩成功率 +40%,6小时,是
S227,正本清源,逾矩与身份礼法状态,身份礼法,其他礼法状态,未细分,整顿风气，回归正轨,成功纠正逾矩风气,其他,自己,其他,否,否,否,否,逾矩成功率 -35%，家声 +10,永久,是
S228,离经叛道,逾矩与身份礼法状态,身份礼法,其他礼法状态,未细分,彻底背离礼法纲常,多次严重逾矩未被惩罚,其他,自己,其他,否,否,否,否,逾矩成功率 +50%，但可能被逐出家族,永久,是
S229,浪子回头,逾矩与身份礼法状态,身份礼法,其他礼法状态,未细分,改过自新，回归正途,严重逾矩者主动悔改,关系变化,自己,关系,否,否,否,否,信任恢复至0，家声 +5,永久,是
S230,积重难返,逾矩与身份礼法状态,身份礼法,其他礼法状态,未细分,逾矩成风，难以扭转,长期礼崩乐坏,其他,自己,其他,否,否,否,否,逾矩成功率 +45%，整顿难度加倍,永久,是
S301,金兰之契,关系特殊状态,关系结构,稳定承诺,盟约,结义兄弟/姐妹，肝胆相照,结义金兰事件完成,关系变化、风险后果,自己,关系、后果/风险,否,否,否,否,信任、友谊锁定最低+30，背叛惩罚加倍,永久,是
S303,芥蒂,关系特殊状态,关系结构,负向积累,隔阂,心中生隙，难以释怀,信任跌破 -30 或争执后,社交修正,自己,社交,否,否,否,否,该对象所有正向互动权重 -40%,直到信任恢复至0,是
S304,相看两厌,关系特殊状态,关系结构,其他关系状态,未细分,彼此生厌，不愿同处,双向好感均低于 -40,需求变化、行动控制,双方,需求/生理,否,否,否,否,同场景时双方舒适需求衰减速度加倍,永久直到好感变化,是
S305,主仆同心,关系特殊状态,关系结构,其他关系状态,未细分,多年主仆，默契十足,主仆关系值均 >60,行动控制,他人,行动,通用行动,否,否,否,仆人执行主子任务效率 +30%,永久（但关系下跌消失）,是
S306,生死之交,关系特殊状态,关系结构,其他关系状态,未细分,共历生死，情谊深厚,共同经历生死危机,关系变化,自己,关系,否,否,否,否,信任锁定 ≥50，互相保护意愿 +100%,永久,是
S307,恩断义绝,关系特殊状态,关系结构,其他关系状态,未细分,彻底断绝关系,严重背叛、无法原谅,行动控制,自己,行动,否,否,行动禁止/中断,否,所有关系值清零，无法重建关系,永久,是
S308,亦师亦友,关系特殊状态,关系结构,其他关系状态,未细分,既是师长，又是朋友,师徒关系同时友谊深厚,关系变化、行动控制,自己,关系、行动,通用行动,否,否,否,学习效率 +40%，信任增长速度 +50%,永久,是
S309,势同水火,关系特殊状态,关系结构,其他关系状态,未细分,矛盾激烈，无法共存,长期对立、多次严重冲突,社交修正,环境,社交,否,否,否,否,同场景时争执触发概率 +80%,永久,是
S310,情同手足,关系特殊状态,关系结构,其他关系状态,未细分,感情深厚，如同亲兄弟,长期亲密互动、共同经历,关系变化,自己,关系,否,否,否,否,互相帮助意愿 +70%，信任下限 +25,永久,是
S311,貌合神离,关系特殊状态,关系结构,其他关系状态,未细分,表面和谐，实则疏远,关系恶化但仍维持表面,关系变化、社交修正,自己,关系、社交,否,否,否,否,社交效果 -30%，信任缓慢下降,永久,是
S312,同床异梦,关系特殊状态,关系结构,其他关系状态,未细分,夫妻/伴侣间心不合,长期关系不和但仍维持,关系变化、行动控制、社交修正,自己,关系、社交,否,否,行动降效,否,亲密增长速度 -50%，易引发争执,永久,是
S313,肝胆相照,关系特殊状态,关系结构,其他关系状态,未细分,真心相待，毫无保留,多次推心置腹成功,关系变化,自己,关系,否,否,否,否,信任下限 +40，背叛概率 -90%,永久,是
S314,忘年之交,关系特殊状态,关系结构,其他关系状态,未细分,年龄差距大但情谊深,跨代际长期友好互动,行动控制、社交修正,自己,社交、行动,通用行动,否,否,否,社交效果 +25%，互相学习效率 +30%,永久,是
S315,红颜知己,关系特殊状态,关系结构,其他关系状态,未细分,异性知己，心灵相通,异性间长期精神交流,其他,自己,其他,否,否,否,否,传情成功率 +40%，但易引发流言,永久,是
S316,蓝颜知己,关系特殊状态,关系结构,其他关系状态,未细分,同性知己，情谊深厚,同性间长期深度友谊,关系变化、行动控制,自己,关系,通用行动,否,否,否,信任增长速度 +60%，互相支持意愿 +80%,永久,是
S317,不共戴天,关系特殊状态,关系结构,其他关系状态,未细分,深仇大恨，誓不两立,杀亲之仇、夺妻之恨等,关系变化,自己,关系,否,否,否,否,好感锁定 ≤ -100，见面必冲突,永久,是
S318,相濡以沫,关系特殊状态,关系结构,其他关系状态,未细分,困境中互相扶持,共同经历重大困难,关系变化,自己,关系,否,否,否,否,信任 +50，互相依赖程度 +70%,永久,是
S319,分道扬镳,关系特殊状态,关系结构,其他关系状态,未细分,各自选择不同道路,理念分歧、人生目标不同,其他,自己,其他,否,否,否,否,关系值停止增长，逐渐疏远,永久,是
S320,破镜重圆,关系特殊状态,关系结构,其他关系状态,未细分,破裂关系重新复合,分手/决裂后成功和解,其他,自己,其他,否,否,否,否,关系值恢复至原水平70%,永久,是
S321,青梅竹马,关系特殊状态,关系结构,其他关系状态,未细分,从小一起长大,童年期长期共同生活,关系变化,自己,关系,否,否,否,否,好感初始值 +30，信任初始值 +25,永久,是
S322,萍水相逢,关系特殊状态,关系结构,其他关系状态,未细分,短暂相遇，缘分浅薄,一次性互动后长期不联系,行动控制,自己,其他,通用行动,否,否,否,关系值衰减速度 +100%,永久,是
S323,莫逆之交,关系特殊状态,关系结构,其他关系状态,未细分,志同道合，情投意合,长期理念一致、共同追求,行动控制,自己,行动,通用行动,否,否,否,合作效率 +50%，互相理解程度 +80%,永久,是
S324,刎颈之交,关系特殊状态,关系结构,其他关系状态,未细分,可以为对方牺牲生命,多次生死考验、极度信任,其他,自己,其他,否,否,否,否,互相保护意愿 +150%，背叛概率 -99%,永久,是
S325,点头之交,关系特殊状态,关系结构,其他关系状态,未细分,仅限见面打招呼,长期浅层互动,其他,自己,其他,否,否,否,否,关系值上限锁定 ≤20,永久,是
S326,患难与共,关系特殊状态,关系结构,其他关系状态,未细分,共同面对困难,多次共同应对危机,关系变化,自己,关系,否,否,否,否,信任 +45，合作默契 +60%,永久,是
S327,反目成仇,关系特殊状态,关系结构,其他关系状态,未细分,由友变敌,严重利益冲突、背叛,关系变化、行动控制,自己,关系、行动,否,否,行动禁止/中断,否,好感锁定 ≤ -60，无法修复,永久,是
S328,一见如故,关系特殊状态,关系结构,其他关系状态,未细分,初次见面便觉投缘,首次互动综合分 >85,关系变化,自己,关系,否,否,否,否,好感初始值 +20，信任初始值 +15,永久,是
S329,日久生情,关系特殊状态,关系结构,其他关系状态,未细分,长期相处产生感情,连续60天每天互动,关系变化,自己,关系,否,否,否,否,好感 +30，亲密 +25,永久,是
S330,藕断丝连,关系特殊状态,关系结构,其他关系状态,未细分,关系已断，情丝未绝,分手/决裂后仍有互动,其他,自己,其他,否,否,否,否,传情成功率 +25%，但易引发矛盾,永久,是
S401,饥肠辘辘,需求与生理状态,需求生理,生理需求,饥饿,饿得头昏眼花,饥饿 < 20%,行动控制,自己,行动,否,否,行动降效,否,所有行动效率 -40%，容易发怒,直至进食,是
S402,精疲力竭,需求与生理状态,需求生理,生理需求,疲劳,站着都能睡着,精力 < 10%,行动控制,自己,行动,否,否,行动禁止/中断,精细操作,强制引导去睡觉，无法进行精细操作,直至睡眠,是
S403,蓬头垢面,需求与生理状态,需求生理,体面形象,仪容,仪容不整，羞于见人,卫生 < 20%,社交修正、属性修正,自己,社交、属性,否,否,否,魅力,社交效果 -50%，魅力 -2,直至沐浴,是
S404,微醺,需求与生理状态,需求生理,其他生理状态,未细分,酒意上脸，话变多了,饮酒互动,社交修正,自己,社交,否,否,否,否,社交G×1.3，协调-2,2小时,是
S405,酩酊大醉,需求与生理状态,需求生理,其他生理状态,未细分,烂醉如泥，胡言乱语,连续饮酒或微醺后继续,社交修正、属性修正,自己,社交、属性,否,否,否,逻辑,协调-5，逻辑-3，会随机与人争执或传情,4小时,是
S406,养尊处优,需求与生理状态,需求生理,其他生理状态,未细分,舒适至极，心满意足,舒适需求 >90% 持续2小时,需求变化,自己,需求/生理,否,否,否,否,娱乐需求衰减 -30%,1小时,是
S407,神清气爽,需求与生理状态,需求生理,其他生理状态,未细分,精力充沛，状态极佳,睡眠充足、沐浴后,行动控制,自己,行动,通用行动,否,否,否,所有行动效率 +20%,3小时,是
S408,口干舌燥,需求与生理状态,需求生理,其他生理状态,未细分,极度口渴，难以忍受,口渴 < 15%,需求变化、行动控制,自己,需求/生理,通用行动,否,否,否,专注需求衰减速度 +50%,直至饮水,是
S409,腹中空空,需求与生理状态,需求生理,其他生理状态,未细分,轻微饥饿，影响状态,饥饿 < 50%,行动控制,自己,行动,否,否,行动降效,否,行动效率 -15%,直至进食,是
S410,困倦,需求与生理状态,需求生理,其他生理状态,未细分,眼皮沉重，想睡觉,精力 < 30%,行动控制、属性修正,自己,行动、属性,否,否,行动降效,否,逻辑属性 -1，学习效率 -25%,直至睡眠,是
S411,风寒,需求与生理状态,需求生理,其他生理状态,未细分,受凉感冒，身体不适,雨天未打伞、衣着单薄,需求变化、行动控制,自己,需求/生理,通用行动,否,否,否,精力消耗速度 +30%，需服药,2天,是
S412,中暑,需求与生理状态,需求生理,其他生理状态,未细分,暑热侵袭，头晕目眩,夏日长时间暴晒,行动控制,自己,行动,否,否,行动降效,否,行动效率 -50%，需休息降温,6小时,是
S413,腹痛,需求与生理状态,需求生理,其他生理状态,未细分,肚子疼痛，难以集中,饮食不洁、受凉,需求变化、行动控制,自己,需求/生理,通用行动,否,否,否,专注需求衰减速度 +60%,3小时,是
S414,头痛,需求与生理状态,需求生理,其他生理状态,未细分,头部疼痛，思绪混乱,过度用脑、睡眠不足,行动控制、属性修正,自己,行动、属性,否,否,行动降效,否,逻辑属性 -2，学习效率 -40%,2小时,是
S415,腰酸背痛,需求与生理状态,需求生理,其他生理状态,未细分,身体酸痛，行动不便,长时间劳作、姿势不良,需求变化、行动控制,自己,需求/生理、行动,通用行动,否,行动降效,否,行动效率 -25%，舒适需求下降速度 +30%,4小时,是
S416,发热,需求与生理状态,需求生理,其他生理状态,未细分,体温升高，身体虚弱,感染风寒、炎症,需求变化、行动控制,自己,需求/生理,通用行动,否,否,否,精力消耗速度 +40%，需卧床休息,3天,是
S417,腹泻,需求与生理状态,需求生理,其他生理状态,未细分,频繁如厕，身体脱水,饮食问题、肠胃感染,行动控制,自己,行动,否,否,行动降效,否,行动效率 -60%，需及时治疗,1天,是
S418,咳嗽,需求与生理状态,需求生理,其他生理状态,未细分,频繁咳嗽，影响交流,风寒、咽喉问题,社交修正,他人,社交,否,否,否,否,社交效果 -40%，易打扰他人,2天,是
S419,失眠,需求与生理状态,需求生理,其他生理状态,未细分,难以入睡，精神萎靡,焦虑、环境不适,需求变化、行动控制,自己,需求/生理、行动,否,否,行动降效,否,精力恢复效率 -50%,直至入睡,是
S420,噩梦,需求与生理状态,需求生理,其他生理状态,未细分,睡眠质量差，惊醒,压力大、心理负担重,需求变化、行动控制,自己,需求/生理、行动,否,否,行动降效,否,精力恢复效率 -30%，醒来时恐惧+20,1次睡眠,是
S421,宿醉,需求与生理状态,需求生理,其他生理状态,未细分,酒后不适，头痛恶心,酩酊大醉后醒来,行动控制、属性修正,自己,行动、属性,否,否,行动降效,否,所有属性 -1，行动效率 -30%,6小时,是
S422,饱腹,需求与生理状态,需求生理,其他生理状态,未细分,吃得过饱，行动迟缓,暴饮暴食,需求变化、行动控制,自己,需求/生理、行动,通用行动,否,行动降效,否,行动效率 -20%，精力消耗速度 +15%,2小时,是
S423,燥热,需求与生理状态,需求生理,其他生理状态,未细分,体内燥热，心烦意乱,辛辣食物、环境闷热,需求变化、行动控制,自己,需求/生理,通用行动,否,否,否,舒适需求下降速度 +40%，易发怒,3小时,是
S424,畏寒,需求与生理状态,需求生理,其他生理状态,未细分,怕冷，需要保暖,体质虚弱、衣着不足,需求变化、行动控制,自己,需求/生理,通用行动,否,否,否,舒适需求衰减速度 +50%,直至保暖,是
S425,眩晕,需求与生理状态,需求生理,其他生理状态,未细分,头晕目眩，站立不稳,低血糖、贫血、中暑,行动控制,自己,行动,否,否,行动降效,否,行动效率 -45%，易摔倒,1小时,是
S426,麻木,需求与生理状态,需求生理,其他生理状态,未细分,肢体麻木，感觉迟钝,长时间保持同一姿势,行动控制,自己,行动,否,否,行动降效,精细操作,精细操作效率 -50%,2小时,是
S427,气喘,需求与生理状态,需求生理,其他生理状态,未细分,呼吸急促，体力不支,剧烈运动、心肺问题,行动控制,自己,行动,否,否,行动降效,否,行动效率 -35%，需休息恢复,1小时,是
S428,耳鸣,需求与生理状态,需求生理,其他生理状态,未细分,耳中鸣响，影响听力,噪音刺激、耳部问题,需求变化、行动控制、社交修正,自己,需求/生理、社交,通用行动,否,否,否,社交效果 -30%，专注需求下降速度 +25%,3小时,是
S429,视力模糊,需求与生理状态,需求生理,其他生理状态,未细分,看不清楚，影响阅读,用眼过度、眼疾,行动控制,自己,行动,否,否,行动降效,否,学习效率 -35%，阅读速度 -50%,4小时,是
S430,牙痛,需求与生理状态,需求生理,其他生理状态,未细分,牙齿疼痛，难以进食,蛀牙、牙龈问题,需求变化、行动控制,自己,需求/生理、行动,通用行动,否,行动降效,否,进食效率 -60%，娱乐需求下降速度 +40%,直至治疗,是
S501,功课缠身,任务与指令状态,任务约束,任务压力,待完成,有未完成的功课任务,接到抄书/背书任务,需求变化,自己,需求/生理,否,否,否,否,娱乐时间衰减加倍，专注需求增加,直至任务完成,是
S502,禁足,任务与指令状态,任务约束,行动限制,空间限制,不许踏出院子,长辈下发禁足任务,行动控制,环境,行动,否,否,行动禁止/中断、移动/离场,否,无法离开指定场景,任务期限,是
S503,思过,任务与指令状态,任务约束,惩戒流程,反省,面壁反省中,禁足附加,关系变化、社交修正、风险后果,自己,关系、社交、后果/风险,否,否,否,否,社交禁止，每小时信任+2（对惩罚者）,禁足期间,是
S504,受命,任务与指令状态,任务约束,其他任务状态,未细分,领了差事，不敢怠慢,接到重要任务,行动控制,自己,行动,通用行动,否,行动降效,否,任务相关行动效率 +30%，无关行动效率 -20%,直至任务完成,是
S505,待命,任务与指令状态,任务约束,任务压力,待指令,随时准备执行指令,主子/上级要求随时待命,行动控制,自己,行动,否,否,行动禁止/中断,否,无法进行长时间活动，需保持警觉,任务期限,是
S506,巡查,任务与指令状态,任务约束,其他任务状态,未细分,巡视检查中,接到巡查任务,需求变化,自己,需求/生理,否,否,否,否,发现异常概率 +40%，但精力消耗加快,任务期间,是
S507,采购,任务与指令状态,任务约束,其他任务状态,未细分,外出采买物品,接到采购任务,其他,自己,其他,否,否,否,否,可离开府邸，但需在规定时间返回,任务期限,是
S508,传话,任务与指令状态,任务约束,其他任务状态,未细分,传递消息,接到传话任务,社交修正,自己,社交,否,否,否,否,需找到目标人物，社交权重临时+20%,任务完成,是
S509,侍奉,任务与指令状态,任务约束,其他任务状态,未细分,贴身伺候主子,接到侍奉任务,其他,他人,其他,否,否,否,否,需跟随主子，服从+15（临时）,任务期间,是
S510,抄经,任务与指令状态,任务约束,其他任务状态,未细分,抄写经书,接到抄经任务,需求变化,自己,需求/生理,否,否,否,否,专注需求增加，但完成后心境+20,任务完成,是
S511,罚跪,任务与指令状态,任务约束,其他任务状态,未细分,被罚跪地反省,接到罚跪任务,需求变化、行动控制,自己,需求/生理、行动,否,否,否,否,行动禁止，舒适需求快速下降,任务期限,是
S512,守夜,任务与指令状态,任务约束,其他任务状态,未细分,夜间值守,接到守夜任务,需求变化,自己,需求/生理,否,否,否,否,夜间精力消耗减半，但白天困倦,任务期间,是
S513,洒扫,任务与指令状态,任务约束,其他任务状态,未细分,打扫庭院,接到洒扫任务,需求变化,自己,需求/生理,否,否,否,否,卫生需求增加，但完成后舒适+15,任务完成,是
S514,缝补,任务与指令状态,任务约束,其他任务状态,未细分,缝补衣物,接到缝补任务,行动控制,自己,行动,否,否,否,精细操作,精细操作效率+25%，但易疲劳,任务期间,是
S515,烹茶,任务与指令状态,任务约束,其他任务状态,未细分,准备茶水,接到烹茶任务,关系变化、社交修正,他人,关系、社交,否,否,否,否,社交效果临时+15%，主子好感+5,任务完成,是
S516,诵经,任务与指令状态,任务约束,其他任务状态,未细分,诵读经文,接到诵经任务,其他,自己,其他,否,否,否,否,心境+25，但需保持专注,任务期间,是
S517,练字,任务与指令状态,任务约束,其他任务状态,未细分,练习书法,接到练字任务,需求变化、属性修正,自己,需求/生理、属性,否,否,否,否,专注需求增加，但完成后魅力+1,任务完成,是
S518,抚琴,任务与指令状态,任务约束,其他任务状态,未细分,弹奏古琴,接到抚琴任务,需求变化、行动控制,自己,需求/生理,否,否,否,否,娱乐需求满足速度+50%，但需精力充足,任务期间,是
S519,对弈,任务与指令状态,任务约束,其他任务状态,未细分,下棋对局,接到对弈任务,属性修正,自己,属性,否,逻辑,否,否,逻辑属性临时+2，但耗时较长,任务完成,是
S520,作诗,任务与指令状态,任务约束,其他任务状态,未细分,创作诗词,接到作诗任务,其他,自己,其他,否,文学/艺术,否,否,文学灵感+30，但需心境平和,任务期间,是
S521,绘画,任务与指令状态,任务约束,其他任务状态,未细分,绘制画作,接到绘画任务,其他,自己,其他,否,文学/艺术,否,否,艺术灵感+30，但需材料齐全,任务完成,是
S522,刺绣,任务与指令状态,任务约束,其他任务状态,未细分,刺绣女红,接到刺绣任务,行动控制,自己,行动,否,否,否,精细操作,精细操作效率+30%，但易眼疲劳,任务期间,是
S523,酿酒,任务与指令状态,任务约束,其他任务状态,未细分,酿造酒水,接到酿酒任务,其他,自己,其他,否,否,否,否,需长时间等待，但完成后可获佳酿,任务完成,是
S524,制药,任务与指令状态,任务约束,其他任务状态,未细分,配制药材,接到制药任务,其他,自己,其他,否,否,否,否,需专业知识，成功后可治病,任务期间,是
S525,驯兽,任务与指令状态,任务约束,其他任务状态,未细分,训练动物,接到驯兽任务,其他,自己,其他,否,否,否,否,需耐心，成功后获宠物,任务完成,是
S526,修缮,任务与指令状态,任务约束,其他任务状态,未细分,修理物品,接到修缮任务,其他,自己,其他,否,否,否,否,需动手能力，成功后节省开支,任务期间,是
S527,记账,任务与指令状态,任务约束,其他任务状态,未细分,记录账目,接到记账任务,关系变化,他人,关系,否,否,否,否,需细心，成功后主子信任+10,任务完成,是
S528,待客,任务与指令状态,任务约束,其他任务状态,未细分,接待客人,接到待客任务,社交修正,自己,社交,否,否,否,否,社交效果+25%，但需注意礼节,任务期间,是
S529,送信,任务与指令状态,任务约束,其他任务状态,未细分,送递书信,接到送信任务,关系变化,自己,关系,否,否,否,否,需准时到达，成功后好感+10,任务完成,是
S530,备宴,任务与指令状态,任务约束,其他任务状态,未细分,准备宴席,接到备宴任务,其他,自己,其他,否,否,否,否,需多方协调，成功后声望+15,任务期间,是
S601,触景生情,观察与记忆触发状态,认知记忆,记忆触发,场景唤起,想起往事，心中感慨,进入与记忆关联的场景,行动控制,自己,行动,否,文学/艺术,行动禁止/中断,否,短期无法专注，但文学/艺术灵感+1,30分钟,是
S602,感同身受,观察与记忆触发状态,认知记忆,情绪传导,共感,目睹他人情绪，深受感染,情绪传染成功,其他,自己,其他,否,否,否,否,获得与源相同的情绪状态（强度减半）,源状态一半时间,是
S603,幸灾乐祸,观察与记忆触发状态,认知记忆,情绪判断,恶意快感,看人倒霉，心中暗爽,目睹讨厌的人受罚/出丑,需求变化,他人,需求/生理,否,否,否,否,娱乐 +10，但周围人可能觉得刻薄,15分钟,是
S604,围观,观察与记忆触发状态,认知记忆,其他认知状态,未细分,被热闹吸引,冲突剧场/多人互动旁观,行动控制,自己,行动,否,否,否,否,暂时停下当前行动，靠近事件中心,直至事件结束,是
S605,恍然大悟,观察与记忆触发状态,认知记忆,其他认知状态,未细分,突然明白，茅塞顿开,长期困惑的问题得到解答,行动控制、属性修正,自己,行动、属性,否,逻辑,否,否,逻辑属性临时+2，学习效率+40%,1小时,是
S606,睹物思人,观察与记忆触发状态,认知记忆,其他认知状态,未细分,看到物品想起主人,看到他人遗物、赠礼,关系变化,自己,关系,否,否,否,否,对物品主人的好感+15，但心情低落,1小时,是
S607,似曾相识,观察与记忆触发状态,认知记忆,其他认知状态,未细分,感觉曾经经历过,进入陌生但感觉熟悉的场景,行动控制,自己,行动,否,否,否,否,探索效率+25%，但易分心,30分钟,是
S608,灵光一现,观察与记忆触发状态,认知记忆,其他认知状态,未细分,突然获得创意灵感,长时间思考后放松时,其他,自己,其他,否,文学/艺术,否,否,艺术/文学灵感+30，但持续时间短,15分钟,是
S609,记忆闪回,观察与记忆触发状态,认知记忆,其他认知状态,未细分,突然回忆起片段,触发强烈记忆线索,行动控制,自己,行动,否,否,行动禁止/中断,否,短时间内沉浸回忆，行动中断,10分钟,是
S610,顿悟,观察与记忆触发状态,认知记忆,其他认知状态,未细分,深刻理解，境界提升,长期修行/学习后突破,属性修正,自己,属性,否,否,否,否,所有属性永久+1，心境+50,永久,是
S611,怀旧,观察与记忆触发状态,认知记忆,其他认知状态,未细分,怀念过去时光,看到旧物、听到老歌,需求变化、行动控制,自己,需求/生理,否,否,否,否,娱乐需求满足速度+30%，但易伤感,1小时,是
S612,预见,观察与记忆触发状态,认知记忆,其他认知状态,未细分,隐约看到未来片段,特殊天赋、梦境启示,需求变化,自己,需求/生理,否,否,否,否,相关事件成功率+20%，但消耗精力,30分钟,是
S613,既视感,观察与记忆触发状态,认知记忆,其他认知状态,未细分,强烈感觉发生过,高度相似的场景重现,社交修正,自己,社交,否,否,否,否,社交效果+15%，但易产生错觉,20分钟,是
S615,灵感枯竭,观察与记忆触发状态,认知记忆,其他认知状态,未细分,缺乏创意，思维僵化,长时间高强度创作,行动控制,自己,行动,否,文学/艺术,否,否,艺术/文学灵感-30，创作效率-40%,3小时,是
S701,痴狂,特殊状态,特殊事件,异常心境,失控,宝玉式痴病,特定事件/记忆触发,社交修正、属性修正,自己,社交、属性,否,逻辑,否,逻辑,逻辑-3，对年轻女性社交权重+200%,可变,是
S702,心碎,特殊状态,特殊事件,重大打击,崩塌,哀莫大于心死,决裂、亲密背叛,需求变化、社交修正,自己,需求/生理、社交,否,否,否,否,所有正向互动意愿 -80%，娱乐无效,48小时,是
S703,病中,特殊状态,需求生理,健康状态,患病,身体抱恙,随机事件、体弱角色,需求变化,自己,需求/生理,否,否,否,否,精力消耗加倍，需定时服药,3天或治愈,是
S704,重责,特殊状态,特殊事件,其他特殊状态,未细分,受到严厉惩罚,逾矩失败/任务失败,关系变化、行动控制,自己,关系、行动,否,否,行动降效,否,服从 +30，信任 -10，行动效率 -50%,12小时,是
S705,顿悟,特殊状态,特殊事件,其他特殊状态,未细分,突然领悟大道,长期修行后机缘触发,属性修正,自己,属性,否,否,否,否,所有属性永久+2，心境+100,永久,是
S707,开窍,特殊状态,特殊事件,其他特殊状态,未细分,突然开悟，智慧增长,名师指点、特殊经历,行动控制、属性修正,自己,行动、属性,否,逻辑,否,否,学习效率永久+30%，逻辑+2,永久,是
S708,封印,特殊状态,特殊事件,其他特殊状态,未细分,能力被封印,法术、诅咒、法器作用,行动控制、属性修正,自己,行动、属性,否,否,行动禁止/中断,否,相关能力无法使用，属性减半,直至解除,是
S709,附身,特殊状态,特殊事件,其他特殊状态,未细分,被他人/灵体附身,法术、诅咒、特殊事件,其他,自己,其他,否,否,否,否,人格暂时改变，获得附身者部分能力,可变,是
S710,诅咒,特殊状态,特殊事件,其他特殊状态,未细分,受到恶毒诅咒,敌人施法、触碰禁忌,其他,自己,其他,否,否,否,否,运气-50%，易遭遇不幸事件,直至解除,是
S711,祝福,特殊状态,特殊事件,其他特殊状态,未细分,获得神灵祝福,祭祀成功、善行回报,其他,自己,其他,否,否,否,否,运气+50%，关键时刻易获帮助,7天,是
S712,天命,特殊状态,特殊事件,其他特殊状态,未细分,背负特殊命运,出生设定、重大事件触发,其他,自己,其他,否,否,否,否,相关事件必然发生，但可改变方式,永久,是
S713,劫数,特殊状态,特殊事件,其他特殊状态,未细分,命中注定劫难,命运安排、因果报应,其他,自己,其他,否,否,否,否,特定时间必然遭遇危机,直至渡过,是
S714,功德,特殊状态,特殊事件,其他特殊状态,未细分,积累善行功德,行善、助人、完成善举,其他,自己,其他,否,否,否,否,运气+30%，关键时刻易逢凶化吉,永久,是
S715,业障,特殊状态,特殊事件,其他特殊状态,未细分,积累恶行业障,作恶、害人、违背道义,其他,自己,其他,否,否,否,否,运气-30%，易遭报应,永久,是
S716,轮回,特殊状态,特殊事件,其他特殊状态,未细分,进入轮回转世,死亡后特殊机制,其他,自己,其他,否,否,否,否,保留部分记忆，投胎重生,永久,是
S717,涅槃,特殊状态,特殊事件,其他特殊状态,未细分,超脱生死，境界升华,修行圆满、大彻大悟,其他,自己,其他,否,否,否,否,获得特殊能力，不再受世俗束缚,永久,是
S721,破劫,特殊状态,特殊事件,其他特殊状态,未细分,成功渡过劫难,劫数中做出正确选择,属性修正,自己,属性,否,否,否,否,获得大量修为、属性提升,永久,是
S722,应运,特殊状态,特殊事件,其他特殊状态,未细分,顺应天命气运,身处时代转折点,其他,自己,其他,否,否,否,否,重大事件参与度+50%，易获机遇,可变,是
S723,逆天,特殊状态,特殊事件,其他特殊状态,未细分,违逆天命规则,强行改变注定之事,其他,自己,其他,否,否,否,否,短期获得强大力量，但必遭反噬,可变,是
S724,合道,特殊状态,特殊事件,其他特殊状态,未细分,与大道合一,修行最高境界,其他,自己,其他,否,否,否,否,成为规则一部分，无所不能但失去自我,永久,是
S725,斩尸,特殊状态,特殊事件,其他特殊状态,未细分,斩去三尸，成就准圣,道家修行关键突破,属性修正,自己,属性,否,否,否,否,获得分身能力，属性大幅提升,永久,是
S726,证道,特殊状态,特殊事件,其他特殊状态,未细分,证明自身大道,创立新道统、完善修行体系,其他,他人,其他,否,否,否,否,成为道祖，可传授他人修行,永久,是
S727,寂灭,特殊状态,特殊事件,其他特殊状态,未细分,进入不生不灭状态,佛家最高境界,行动控制,自己,行动,否,否,行动禁止/中断,否,脱离轮回，但无法干预世间,永久,是
S728,显圣,特殊状态,特殊事件,其他特殊状态,未细分,神灵显灵于世,信徒虔诚祈祷、特殊仪式,其他,自己,其他,否,否,否,否,短时间内获得神灵部分威能,1小时,是
S729,封神,特殊状态,特殊事件,其他特殊状态,未细分,死后被封为神,功德极大、特殊贡献,其他,自己,其他,否,否,否,否,获得神职神位，但受天条约束,永久,是
S730,应身,特殊状态,特殊事件,其他特殊状态,未细分,神灵化身降临,神灵响应祈求、干预凡间,其他,自己,其他,否,否,否,否,拥有神灵部分力量，但持续时间短,30分钟,是
